Symbol,Name,Last Sale,Net Change,% Change,Market Cap,Country,IPO Year,Volume,Sector,Industry
ABEV,Ambev S.A. American Depositary Shares (Each representing 1 Common Share),$2.725,-0.015,-0.547%,42883749154.00,,2013,2928123,Consumer Non-Durables,Beverages (Production/Distribution)
AKA,a.k.a. Brands Holding Corp. Common Stock,$8.38,0.17,2.071%,1060825382.00,,2021,70518,Consumer Non-Durables,Department/Specialty Retail Stores
ANDE,Andersons Inc. (The) Common Stock,$32.27,0.35,1.096%,1074034310.00,United States,,52897,Consumer Non-Durables,Tobacco
ASO,Academy Sports and Outdoors Inc. Common Stock,$41.26,0.58,1.426%,3671992537.00,United States,2020,262340,Consumer Non-Durables,Recreational Products/Toys
AXON,Axon Enterprise Inc. Common Stock,$167.88,3.33,2.024%,11025633998.00,United States,,24727,Consumer Non-Durables,Military/Government/Technical
BBIG,Vinco Ventures Inc. Common Stock,$5.36,0.35,6.986%,521413880.00,United States,2018,5435444,Consumer Non-Durables,Recreational Products/Toys
BC,Brunswick Corporation Common Stock,$100.76,1.36,1.368%,7808830173.00,United States,,53949,Consumer Non-Durables,Recreational Products/Toys
BERY,Berry Global Group Inc. Common Stock,$60.83,0.48,0.795%,8230299000.00,United States,2012,42374,Consumer Non-Durables,Plastic Products
BGS,B&G Foods Inc. B&G Foods Inc. Common Stock,$29.51,0.33,1.131%,1913018742.00,United States,,55182,Consumer Non-Durables,Packaged Foods
BHAT,Blue Hat Interactive Entertainment Technology Ordinary Shares,$0.5802,-0.0048,-0.821%,20388874.00,China,2019,55435,Consumer Non-Durables,Recreational Products/Toys
BRBR,BellRing Brands Inc. Class A Common Stock,$27.99,-0.21,-0.745%,1105896964.00,United States,2019,13017,Consumer Non-Durables,Beverages (Production/Distribution)
BRFS,BRF S.A.,$4.88,0.07,1.455%,3944952682.00,Brazil,,177013,Consumer Non-Durables,Meat/Poultry/Fish
BRID,Bridgford Foods Corporation Common Stock,$11.58,-0.22,-1.864%,105109715.00,United States,,494,Consumer Non-Durables,Specialty Foods
BRLT,Brilliant Earth Group Inc. Class A Common Stock,$12.1976,-0.0324,-0.265%,116893650.00,United States,2021,42177,Consumer Non-Durables,Consumer Specialties
BTI,British American Tobacco  Industries p.l.c. Common Stock ADR,$34.98,0.09,0.258%,80266943121.00,United Kingdom,,978134,Consumer Non-Durables,Farming/Seeds/Milling
BTTR,Better Choice Company Inc. Common Stock,$3.72,-0.11,-2.872%,110060262.00,,2021,48969,Consumer Non-Durables,Food Distributors
BUD,Anheuser-Busch Inbev SA Sponsored ADR (Belgium),$54.81,-0.14,-0.255%,108509195985.00,Belgium,,696985,Consumer Non-Durables,Beverages (Production/Distribution)
BUR,Burford Capital Limited Ordinary Shares,$10.71,-0.06,-0.557%,2346024183.00,,2020,36332,Consumer Non-Durables,Farming/Seeds/Milling
BURL,Burlington Stores Inc. Common Stock,$273.95,-3.50,-1.261%,18279170200.00,,2013,44216,Consumer Non-Durables,Apparel
BYND,Beyond Meat Inc. Common Stock,$101.8099,1.2299,1.223%,6439929025.00,United States,2019,474049,Consumer Non-Durables,Specialty Foods
BYRN,Byrna Technologies Inc. Common Stock,$20.1755,-0.5845,-2.816%,475495881.00,United States,,66370,Consumer Non-Durables,Military/Government/Technical
CAG,ConAgra Brands Inc. Common Stock,$34.025,0.305,0.905%,16321444799.00,United States,,521854,Consumer Non-Durables,Packaged Foods
CAL,Caleres Inc. Common Stock,$22.18,0.30,1.371%,848785660.00,United States,,57404,Consumer Non-Durables,Shoe Manufacturing
CCEP,Coca-Cola Europacific Partners plc Ordinary Shares,$54.15,0.10,0.185%,24689575482.00,United Kingdom,,91884,Consumer Non-Durables,Beverages (Production/Distribution)
CCU,Compania Cervecerias Unidas S.A. Common Stock,$16.94,0.10,0.594%,3129689326.00,Chile,,33903,Consumer Non-Durables,Beverages (Production/Distribution)
CELH,Celsius Holdings Inc. Common Stock,$95.79,1.69,1.796%,7134659804.00,United States,,124070,Consumer Non-Durables,Beverages (Production/Distribution)
CHD,Church & Dwight Company Inc. Common Stock,$83.01,-0.14,-0.168%,20382541613.00,United States,,57147,Consumer Non-Durables,Package Goods/Cosmetics
CHEF,The Chefs' Warehouse Inc. Common Stock,$34.22,-0.09,-0.262%,1298942026.00,United States,2011,18712,Consumer Non-Durables,Food Distributors
CHSCL,CHS Inc Class B Cumulative Redeemable Preferred Stock Series 4,$28.46,-0.12,-0.42%,0.00,United States,,1120,Consumer Non-Durables,Tobacco
CHSCM,CHS Inc Class B Reset Rate Cumulative Redeemable Preferred Stock Series 3,$27.43,-0.0592,-0.215%,0.00,United States,,427,Consumer Non-Durables,Tobacco
CHSCN,CHS Inc Preferred Class B Series 2 Reset Rate,$27.3321,-0.0479,-0.175%,0.00,United States,,563,Consumer Non-Durables,Tobacco
CHSCO,CHS Inc. Class B Cumulative Redeemable Preferred Stock,$27.85,-0.04,-0.143%,0.00,United States,,3005,Consumer Non-Durables,Tobacco
CHSCP,CHS Inc. 8%  Cumulative Redeemable Preferred Stock,$30.18,0.01,0.033%,0.00,United States,,983,Consumer Non-Durables,Tobacco
CL,Colgate-Palmolive Company Common Stock,$75.89,0.30,0.397%,64014238756.00,United States,,691067,Consumer Non-Durables,Package Goods/Cosmetics
CLAR,Clarus Corporation Common Stock,$27.00,-0.20,-0.735%,912601404.00,United States,,26655,Consumer Non-Durables,Recreational Products/Toys
CLXT,Calyxt Inc. Common Stock,$3.08,-0.03,-0.965%,114794674.00,United States,2017,20207,Consumer Non-Durables,Food Distributors
COKE,Coca-Cola Consolidated Inc. Common Stock,$401.6309,-3.3691,-0.832%,3764763149.00,United States,1972,1828,Consumer Non-Durables,Beverages (Production/Distribution)
COLM,Columbia Sportswear Company Common Stock,$96.50,1.20,1.259%,6365817816.00,United States,1998,27297,Consumer Non-Durables,Apparel
COTY,Coty Inc. Class A Common Stock,$7.855,-0.115,-1.443%,6410197244.00,United States,2013,2223651,Consumer Non-Durables,Package Goods/Cosmetics
CPB,Campbell Soup Company Common Stock,$42.39,0.18,0.426%,12781337126.00,United States,,199827,Consumer Non-Durables,Packaged Foods
CROX,Crocs Inc. Common Stock,$131.00,0.60,0.46%,8172504823.00,United States,2006,299576,Consumer Non-Durables,Shoe Manufacturing
CTHR,Charles & Colvard Ltd Common Stock,$2.86,-0.04,-1.379%,86770847.00,United States,1997,26682,Consumer Non-Durables,Consumer Specialties
CVR,Chicago Rivet & Machine Co. Common Stock,$26.10,0.00,0.00%,25216045.00,United States,,163,Consumer Non-Durables,Industrial Specialties
CXDC,China XD Plastics Company Limited Common Stock,$0.423,0.0007,0.166%,29842160.00,China,,22351,Consumer Non-Durables,Plastic Products
CYAN,Cyanotech Corporation Common Stock,$2.93,0.00,0.00%,17943900.00,United States,,10,Consumer Non-Durables,Farming/Seeds/Milling
DAR,Darling Ingredients Inc. Common Stock,$73.41,0.73,1.004%,11897543724.00,United States,,94850,Consumer Non-Durables,Farming/Seeds/Milling
DBGI,Digital Brands Group Inc. Common Stock,$2.7792,0.0292,1.062%,35094309.00,United States,2021,41183,Consumer Non-Durables,Apparel
DBGIW,Digital Brands Group Inc. Warrant,$0.8399,-0.0001,-0.012%,0.00,United States,2021,600,Consumer Non-Durables,Apparel
DECK,Deckers Outdoor Corporation Common Stock,$341.17,-18.67,-5.188%,9437713041.00,United States,1993,267390,Consumer Non-Durables,Shoe Manufacturing
DEO,Diageo plc Common Stock,$193.09,-0.64,-0.33%,112528301062.00,United Kingdom,,45353,Consumer Non-Durables,Beverages (Production/Distribution)
DIT,AMCON Distributing Company Common Stock,$140.19,-7.81,-5.277%,77296420.00,United States,,698,Consumer Non-Durables,Food Distributors
DLA,Delta Apparel Inc. Common Stock,$26.0471,-0.2429,-0.924%,181669666.00,United States,,370,Consumer Non-Durables,Department/Specialty Retail Stores
DNMR,Danimer Scientific Inc. Common Stock,$15.355,0.345,2.298%,1500676073.00,,2020,207369,Consumer Non-Durables,Plastic Products
DPZ,Domino's Pizza Inc Common Stock,$480.83,0.51,0.106%,17720610275.00,United States,2004,102455,Consumer Non-Durables,Food Distributors
DSWL,Deswell Industries Inc. Common Shares,$3.80,-0.01,-0.262%,60553908.00,Macau,1995,2687,Consumer Non-Durables,Plastic Products
DXF,Dunxin Financial Holdings Limited American Depositary Shares,$1.4099,0.0099,0.707%,29437566.00,China,,1091,Consumer Non-Durables,Apparel
EAST,Eastside Distilling Inc. Common Stock,$2.61,-0.01,-0.382%,34758876.00,United States,,19527,Consumer Non-Durables,Beverages (Production/Distribution)
ECL,Ecolab Inc. Common Stock,$215.23,0.17,0.079%,61574553006.00,United States,,131407,Consumer Non-Durables,Package Goods/Cosmetics
EL,Estee Lauder Companies Inc. (The) Common Stock,$314.04,2.33,0.747%,113416956040.00,United States,1995,130372,Consumer Non-Durables,Package Goods/Cosmetics
ELF,e.l.f. Beauty Inc. Common Stock,$29.79,0.15,0.506%,1543901187.00,United States,2016,62312,Consumer Non-Durables,Package Goods/Cosmetics
ELY,Callaway Golf Company Common Stock,$27.50,0.08,0.292%,5114167658.00,United States,1992,98838,Consumer Non-Durables,Recreational Products/Toys
ENS,EnerSys Common Stock,$77.30,1.53,2.019%,3287048075.00,United States,2004,27326,Consumer Non-Durables,Telecommunications Equipment
EPC,Edgewell Personal Care Company Common Stock,$35.73,0.29,0.818%,1942399744.00,,,31027,Consumer Non-Durables,Package Goods/Cosmetics
ESCA,Escalade Incorporated Common Stock,$19.405,-0.055,-0.283%,266748213.00,United States,,7371,Consumer Non-Durables,Recreational Products/Toys
EVK,Ever-Glory International Group Inc. Common Stock,$2.6321,0.1021,4.036%,38983138.00,China,,2338,Consumer Non-Durables,Apparel
EWCZ,European Wax Center Inc. Class A Common Stock,$28.0853,0.3553,1.281%,881041085.00,United States,2021,143002,Consumer Non-Durables,Package Goods/Cosmetics
EZGO,EZGO Technologies Ltd. Ordinary Shares,$2.9942,0.1342,4.692%,40130071.00,China,2021,259224,Consumer Non-Durables,Motor Vehicles
FAMI,Farmmi Inc. Ordinary Shares,$0.3478,-0.0107,-2.985%,7136057.00,China,2018,47583441,Consumer Non-Durables,Packaged Foods
FARM,Farmer Brothers Company Common Stock,$7.86,-0.09,-1.132%,141419226.00,United States,,3643,Consumer Non-Durables,Specialty Foods
FIGS,FIGS Inc. Class A Common Stock,$36.00,0.16,0.446%,5795810244.00,,2021,121207,Consumer Non-Durables,Medical Specialities
FIZZ,National Beverage Corp. Common Stock,$55.16,0.26,0.474%,5147550285.00,United States,,18617,Consumer Non-Durables,Beverages (Production/Distribution)
FLO,Flowers Foods Inc. Common Stock,$24.86,0.07,0.282%,5264208219.00,United States,,62118,Consumer Non-Durables,Farming/Seeds/Milling
FMX,Fomento Economico Mexicano S.A.B. de C.V. Common Stock,$83.09,0.11,0.133%,29731482077.00,Mexico,,15014,Consumer Non-Durables,Beverages (Production/Distribution)
FNKO,Funko Inc. Class A Common Stock,$18.71,0.21,1.135%,943888666.00,United States,2017,28790,Consumer Non-Durables,Recreational Products/Toys
FOSL,Fossil Group Inc. Common Stock,$11.9217,0.4117,3.577%,621644958.00,United States,1993,90081,Consumer Non-Durables,Consumer Specialties
FOXF,Fox Factory Holding Corp. Common Stock,$149.265,0.445,0.299%,6284561463.00,United States,2013,5700,Consumer Non-Durables,Motor Vehicles
FUV,Arcimoto Inc. Common Stock,$10.65,0.22,2.109%,398228336.00,United States,2017,96206,Consumer Non-Durables,Motor Vehicles
GO,Grocery Outlet Holding Corp. Common Stock,$21.97,0.21,0.965%,2107372814.00,United States,2019,85567,Consumer Non-Durables,Specialty Foods
GOLF,Acushnet Holdings Corp. Common Stock,$48.31,0.20,0.416%,3570383352.00,United States,2016,13034,Consumer Non-Durables,Recreational Products/Toys
GWW,W.W. Grainger Inc. Common Stock,$420.15,2.91,0.697%,21879043614.00,United States,,19773,Consumer Non-Durables,Telecommunications Equipment
HAS,Hasbro Inc. Common Stock,$89.17,-0.83,-0.922%,12277199798.00,United States,,257775,Consumer Non-Durables,Recreational Products/Toys
HBI,Hanesbrands Inc. Common Stock,$16.50,0.27,1.664%,5761003166.00,United States,,765127,Consumer Non-Durables,Apparel
HEAR,Turtle Beach Corporation Common Stock,$30.12,0.00,0.00%,483884758.00,United States,,20862,Consumer Non-Durables,Consumer Electronics/Appliances
HFFG,HF Foods Group Inc. Common Stock,$6.37,-0.05,-0.779%,330688428.00,United States,2017,12441,Consumer Non-Durables,Food Distributors
HIMS,Hims & Hers Health Inc. Class A Common Stock,$7.82,0.44,5.962%,1589277071.00,,2019,732371,Consumer Non-Durables,Package Goods/Cosmetics
HNST,The Honest Company Inc. Common Stock,$9.535,-0.015,-0.157%,860746686.00,United States,2021,93230,Consumer Non-Durables,Department/Specialty Retail Stores
HOG,Harley-Davidson Inc. Common Stock,$37.5592,0.3392,0.911%,5778332420.00,United States,,132395,Consumer Non-Durables,Motor Vehicles
HRL,Hormel Foods Corporation Common Stock,$42.04,0.35,0.84%,22809090352.00,United States,,276240,Consumer Non-Durables,Meat/Poultry/Fish
HSY,The Hershey Company Common Stock,$178.53,0.78,0.439%,36784239790.00,United States,,113347,Consumer Non-Durables,Specialty Foods
IBA,Industrias Bachoco S.A.B. de C.V. Common Stock,$42.00,0.30,0.719%,2100000000.00,Mexico,1997,1027,Consumer Non-Durables,Meat/Poultry/Fish
IMTE,Integrated Media Technology Limited Ordinary Shares,$4.701,0.091,1.974%,39678946.00,Australia,,39983,Consumer Non-Durables,Consumer Electronics/Appliances
INGR,Ingredion Incorporated Common Stock,$96.04,1.06,1.116%,6435166731.00,United States,,23233,Consumer Non-Durables,Farming/Seeds/Milling
IPAR,Inter Parfums Inc. Common Stock,$77.1987,-0.8013,-1.027%,2443721606.00,United States,,6806,Consumer Non-Durables,Package Goods/Cosmetics
JAKK,JAKKS Pacific Inc. Common Stock,$11.91,-0.07,-0.584%,117625542.00,United States,1996,17456,Consumer Non-Durables,Recreational Products/Toys
JBSS,John B. Sanfilippo & Son Inc. Common Stock,$82.6299,-0.2201,-0.266%,947724134.00,United States,1991,1918,Consumer Non-Durables,Specialty Foods
JJSF,J & J Snack Foods Corp. Common Stock,$153.3652,0.3752,0.245%,2923739296.00,United States,1986,4298,Consumer Non-Durables,Specialty Foods
JOAN,JOANN Inc. Common Stock,$10.43,-0.08,-0.761%,439727747.00,United States,2021,81984,Consumer Non-Durables,Department/Specialty Retail Stores
JOUT,Johnson Outdoors Inc. Class A Common Stock,$109.17,-0.73,-0.664%,1105586424.00,United States,,512,Consumer Non-Durables,Recreational Products/Toys
JVA,Coffee Holding Co. Inc. Common Stock,$4.565,0.015,0.33%,26059754.00,United States,2005,7332,Consumer Non-Durables,Specialty Foods
K,Kellogg Company Common Stock,$62.90,0.21,0.335%,21441286207.00,United States,,244546,Consumer Non-Durables,Packaged Foods
KAVL,Kaival Brands Innovations Group Inc. Common Stock,$1.29,0.00,0.00%,36543361.00,United States,,29329,Consumer Non-Durables,Farming/Seeds/Milling
KBSF,KBS Fashion Group Limited Common Stock,$2.96,-0.05,-1.661%,7670245.00,China,2013,5837,Consumer Non-Durables,Apparel
KDP,Keurig Dr Pepper Inc. Common Stock,$35.245,0.205,0.585%,49965108579.00,United States,,563603,Consumer Non-Durables,Beverages (Production/Distribution)
KHC,The Kraft Heinz Company Common Stock,$37.345,0.565,1.536%,45687392594.00,United States,,1197356,Consumer Non-Durables,Farming/Seeds/Milling
KN,Knowles Corporation Common Stock,$18.68,-0.04,-0.214%,1718307783.00,,2014,71373,Consumer Non-Durables,Consumer Electronics/Appliances
KO,Coca-Cola Company (The) Common Stock,$54.315,0.195,0.36%,234457144853.00,United States,,2133702,Consumer Non-Durables,Beverages (Production/Distribution)
KOF,Coca Cola Femsa S.A.B. de C.V.  American Depositary Shares each representing 10 Units (each Unit consists of 3 Series B Shares and 5 Series L Shares),$54.615,0.335,0.617%,11473695388.00,Mexico,1993,2342,Consumer Non-Durables,Beverages (Production/Distribution)
KORE,KORE Group Holdings Inc. Common Stock,$6.53,0.24,3.816%,0.00,,,125741,Consumer Non-Durables,Beverages (Production/Distribution)
KOSS,Koss Corporation Common Stock,$16.07,0.80,5.239%,146425115.00,United States,,51621,Consumer Non-Durables,Consumer Electronics/Appliances
KTOS,Kratos Defense & Security Solutions Inc. Common Stock,$22.50,0.27,1.215%,2789044560.00,United States,,77689,Consumer Non-Durables,Ordnance And Accessories
LANC,Lancaster Colony Corporation Common Stock,$173.97,0.61,0.352%,4789394100.00,United States,,3193,Consumer Non-Durables,Packaged Foods
LFVN,Lifevantage Corporation Common Stock (Delaware),$6.999,0.139,2.026%,92638372.00,United States,,10188,Consumer Non-Durables,Farming/Seeds/Milling
LNDC,Landec Corporation Common Stock (DE),$9.56,0.02,0.21%,281653948.00,United States,1996,4664,Consumer Non-Durables,Farming/Seeds/Milling
LSF,Laird Superfood Inc. Common Stock,$17.2479,-0.2021,-1.158%,155238534.00,,2020,1815,Consumer Non-Durables,Specialty Foods
LW,Lamb Weston Holdings Inc. Common Stock ,$56.52,0.13,0.231%,8255786025.00,,2016,205414,Consumer Non-Durables,Specialty Foods
LWAY,Lifeway Foods Inc. Common Stock,$5.46,-0.03,-0.546%,84274751.00,United States,,3021,Consumer Non-Durables,Specialty Foods
LWLG,Lightwave Logic Inc. Common Stock,$9.38,-0.02,-0.213%,1014133680.00,United States,,152515,Consumer Non-Durables,Plastic Products
MAT,Mattel Inc. Common Stock,$19.2301,0.2201,1.158%,6710733862.00,United States,,318265,Consumer Non-Durables,Recreational Products/Toys
MBUU,Malibu Boats Inc. Class A Common Stock,$71.00,-0.20,-0.281%,1479618487.00,United States,2014,14296,Consumer Non-Durables,Recreational Products/Toys
MCFT,MasterCraft Boat Holdings Inc. Common Stock,$26.70,0.20,0.755%,507905236.00,United States,2015,8027,Consumer Non-Durables,Recreational Products/Toys
MDLZ,Mondelez International Inc. Class A Common Stock,$59.76,0.22,0.369%,83533570394.00,United States,,950664,Consumer Non-Durables,Meat/Poultry/Fish
MITC,MeaTech 3D Ltd. American Depositary Shares,$8.275,-0.215,-2.532%,102547193.00,Israel,2021,118255,Consumer Non-Durables,Packaged Foods
MKC,McCormick & Company Incorporated Common Stock,$79.7437,0.4337,0.547%,21316894021.00,United States,,91562,Consumer Non-Durables,Farming/Seeds/Milling
MMMB,MamaMancini's Holdings Inc. Common Stock,$2.31,-0.06,-2.532%,82524732.00,United States,,13763,Consumer Non-Durables,Farming/Seeds/Milling
MNST,Monster Beverage Corporation,$89.01,-0.26,-0.291%,47076126037.00,United States,,162659,Consumer Non-Durables,Beverages (Production/Distribution)
MO,Altria Group Inc.,$47.035,0.305,0.653%,86736203885.00,United States,,847619,Consumer Non-Durables,Farming/Seeds/Milling
MOV,Movado Group Inc. Common Stock,$32.24,-0.13,-0.402%,742910479.00,United States,,3788,Consumer Non-Durables,Consumer Specialties
MPX,Marine Products Corporation Common Stock,$12.83,0.08,0.627%,436141147.00,United States,,527,Consumer Non-Durables,Recreational Products/Toys
MSN,Emerson Radio Corporation Common Stock,$1.1339,0.0039,0.345%,23860263.00,United States,,1553,Consumer Non-Durables,Consumer Electronics/Appliances
NAII,Natural Alternatives International Inc. Common Stock,$13.35,0.09,0.679%,85905942.00,United States,,2911,Consumer Non-Durables,Food Distributors
NAPA,The Duckhorn Portfolio Inc. Common Stock,$22.435,0.015,0.067%,2581074801.00,,2021,50704,Consumer Non-Durables,Beverages (Production/Distribution)
NBEV,NewAge Inc. Common Stock (Delaware),$1.415,0.005,0.355%,193555087.00,United States,,126348,Consumer Non-Durables,Beverages (Production/Distribution)
NKE,Nike Inc. Common Stock,$152.04,-0.44,-0.289%,240651605693.00,United States,,1395966,Consumer Non-Durables,Shoe Manufacturing
NLS,Nautilus Inc. Common Stock,$9.38,0.10,1.078%,290129966.00,United States,,44394,Consumer Non-Durables,Recreational Products/Toys
NOMD,Nomad Foods Limited Ordinary Shares,$27.85,0.24,0.869%,4919002045.00,,2016,42730,Consumer Non-Durables,Specialty Foods
NPK,National Presto Industries Inc. Common Stock,$82.92,-0.04,-0.048%,583585819.00,United States,,2521,Consumer Non-Durables,Military/Government/Technical
NTCO,Natura &Co Holding S.A. American Depositary Shares ,$15.98,-0.24,-1.48%,11020324697.00,,2020,106977,Consumer Non-Durables,Package Goods/Cosmetics
NUZE,NuZee Inc. Common Stock,$1.9789,-0.0061,-0.307%,35264770.00,United States,,2282,Consumer Non-Durables,Farming/Seeds/Milling
NWL,Newell Brands Inc. Common Stock,$22.31,0.32,1.455%,9490674000.00,United States,,251062,Consumer Non-Durables,Plastic Products
OXM,Oxford Industries Inc. Common Stock,$90.41,0.96,1.073%,1527486262.00,United States,,15331,Consumer Non-Durables,Apparel
PEP,PepsiCo Inc. Common Stock,$157.10,1.07,0.686%,217214777345.00,United States,,546538,Consumer Non-Durables,Beverages (Production/Distribution)
PETZ,TDH Holdings Inc. Common Shares,$1.4845,-0.0155,-1.033%,68064318.00,China,2017,11849,Consumer Non-Durables,Packaged Foods
PFGC,Performance Food Group Company Common Stock,$47.23,-0.61,-1.275%,7287805408.00,United States,2015,82983,Consumer Non-Durables,Food Distributors
PG,Procter & Gamble Company (The) Common Stock,$142.30,0.57,0.402%,345549319414.00,United States,,956712,Consumer Non-Durables,Package Goods/Cosmetics
PII,Polaris Inc. Common Stock,$127.22,-0.22,-0.173%,7708259037.00,United States,,119565,Consumer Non-Durables,Recreational Products/Toys
PLBY,PLBY Group Inc. Common Stock,$23.705,0.605,2.619%,967128632.00,United States,2020,66791,Consumer Non-Durables,Recreational Products/Toys
PLIN,China Xiangtai Food Co. Ltd. Ordinary Shares,$1.02,0.038,3.87%,24371908.00,China,2019,8177,Consumer Non-Durables,Meat/Poultry/Fish
PM,Philip Morris International Inc Common Stock,$95.34,-0.01,-0.01%,148591298177.00,United States,,658776,Consumer Non-Durables,Farming/Seeds/Milling
POOL,Pool Corporation Common Stock,$449.06,2.53,0.567%,40517068531.00,United States,1995,9525,Consumer Non-Durables,Recreational Products/Toys
POSH,Poshmark Inc. Class A Common Stock,$23.27,0.30,1.306%,1774314253.00,United States,2021,51832,Consumer Non-Durables,Department/Specialty Retail Stores
POST,Post Holdings Inc. Common Stock,$105.13,-0.20,-0.19%,6697544769.00,United States,2012,18225,Consumer Non-Durables,Specialty Foods
PPC,Pilgrim's Pride Corporation Common Stock,$29.04,0.24,0.833%,7076337159.00,United States,,56234,Consumer Non-Durables,Meat/Poultry/Fish
PRMW,Primo Water Corporation Common Stock,$16.2845,0.0645,0.398%,2611574756.00,Canada,,30029,Consumer Non-Durables,Soft Drinks
RCKY,Rocky Brands Inc. Common Stock,$49.68,0.31,0.628%,362114291.00,United States,1993,1053,Consumer Non-Durables,Shoe Manufacturing
REED,Reeds Inc. Common Stock,$0.6297,0.0051,0.817%,58982648.00,United States,,67450,Consumer Non-Durables,Beverages (Production/Distribution)
REV,Revlon Inc. New Common Stock,$10.12,0.03,0.297%,542965901.00,United States,1996,4951,Consumer Non-Durables,Package Goods/Cosmetics
RIBT,RiceBran Technologies Common Stock,$0.5429,-0.0096,-1.738%,25105055.00,United States,,53919,Consumer Non-Durables,Specialty Foods
RL,Ralph Lauren Corporation Common Stock,$113.27,0.02,0.018%,8326404301.00,United States,1997,135806,Consumer Non-Durables,Apparel
RLX,RLX Technology Inc. American Depositary Shares each representing the right to receive one (1) Class A ordinary share,$5.09,0.23,4.733%,7995324001.00,,2021,1296287,Consumer Non-Durables,Farming/Seeds/Milling
RMCF,Rocky Mountain Chocolate Factory Inc. Common Stock,$7.50,0.00,0.00%,45932160.00,United States,,1337,Consumer Non-Durables,Specialty Foods
SAM,Boston Beer Company Inc. (The) Common Stock,$541.49,3.68,0.684%,6650469175.00,United States,,41011,Consumer Non-Durables,Beverages (Production/Distribution)
SBEV,Splash Beverage Group Inc. Common Stock,$2.00,0.05,2.564%,60963832.00,,2021,2584,Consumer Non-Durables,Beverages (Production/Distribution)
SCL,Stepan Company Common Stock,$119.56,0.87,0.733%,2686018341.00,United States,,2576,Consumer Non-Durables,Package Goods/Cosmetics
SENEA,Seneca Foods Corp. Class A Common Stock,$53.26,0.14,0.264%,473545685.00,United States,,922,Consumer Non-Durables,Packaged Foods
SENEB,Seneca Foods Corp. Class B Common Stock,$51.25,0.00,0.00%,455674359.00,United States,,41,Consumer Non-Durables,Packaged Foods
SFM,Sprouts Farmers Market Inc. Common Stock,$22.52,0.19,0.851%,2571585734.00,United States,2013,277348,Consumer Non-Durables,Specialty Foods
SGOC,SGOCO Group Ltd Ordinary Shares (Cayman Islands),$5.82,0.10,1.748%,591300348.00,China,2010,65326,Consumer Non-Durables,Consumer Electronics/Appliances
SHOO,Steven Madden Ltd. Common Stock,$42.26,0.66,1.587%,3463048229.00,United States,1993,132319,Consumer Non-Durables,Shoe Manufacturing
SJM,J.M. Smucker Company (The) New Common Stock,$122.49,0.86,0.707%,13272835237.00,United States,,33523,Consumer Non-Durables,Packaged Foods
SKIN,The Beauty Health Company Class A Common Stock,$24.88,-0.30,-1.191%,3319468502.00,United States,2020,948735,Consumer Non-Durables,Package Goods/Cosmetics
SKINW,The Beauty Health Company Warrant expiring 5/4/2026,$13.43,-0.30,-2.185%,0.00,United States,2020,12799,Consumer Non-Durables,Package Goods/Cosmetics
SKX,Skechers U.S.A. Inc. Common Stock,$42.1484,0.1784,0.425%,6568076550.00,United States,1999,70157,Consumer Non-Durables,Shoe Manufacturing
SMPL,The Simply Good Foods Company Common Stock,$35.64,0.15,0.423%,3413599592.00,United States,,8691,Consumer Non-Durables,Packaged Foods
SNAX,Stryve Foods Inc. Class A Common Stock,$5.96,0.27,4.745%,48975233.00,United States,2019,26846,Consumer Non-Durables,Specialty Foods
SNAXW,Stryve Foods Inc. Warrant,$0.80,0.02,2.564%,0.00,United States,2019,175,Consumer Non-Durables,Specialty Foods
SONY,Sony Group Corporation American Depositary Shares ,$110.555,3.065,2.851%,137094043163.00,Japan,,177576,Consumer Non-Durables,Consumer Electronics/Appliances
SOVO,Sovos Brands Inc. Common Stock,$13.46,0.13,0.975%,1310902337.00,United States,2021,59122,Consumer Non-Durables,Specialty Foods
SPTN,SpartanNash Company Common Stock,$23.05,0.22,0.964%,828376639.00,United States,,21776,Consumer Non-Durables,Food Distributors
STZ,Constellation Brands Inc. Common Stock,$221.88,2.22,1.011%,41735643532.00,United States,,155621,Consumer Non-Durables,Beverages (Production/Distribution)
SWBI,Smith & Wesson Brands Inc. Common Stock,$20.925,0.055,0.264%,1005528422.00,United States,,92222,Consumer Non-Durables,Ordnance And Accessories
SYY,Sysco Corporation Common Stock,$83.54,0.19,0.228%,42795492179.00,United States,,217520,Consumer Non-Durables,Food Distributors
TAP,Molson Coors Beverage Company Class B Common Stock,$46.51,-0.26,-0.556%,10090656443.00,Canada,,172458,Consumer Non-Durables,Beverages (Production/Distribution)
TDUP,ThredUp Inc. Class A Common Stock,$21.00,-0.20,-0.943%,2032383486.00,United States,2021,140603,Consumer Non-Durables,Department/Specialty Retail Stores
THO,Thor Industries Inc. Common Stock,$125.655,1.445,1.163%,6957045013.00,United States,,42361,Consumer Non-Durables,Homebuilding
THRN,Thorne Healthtech Inc. Common Stock,$7.90,-0.09,-1.126%,414865340.00,United States,2021,31232,Consumer Non-Durables,Farming/Seeds/Milling
THS,Treehouse Foods Inc. Common Stock,$39.25,-0.07,-0.178%,2187816509.00,United States,,23896,Consumer Non-Durables,Packaged Foods
TPB,Turning Point Brands Inc. Common Stock,$49.00,0.99,2.062%,927281390.00,United States,2016,35859,Consumer Non-Durables,Tobacco
TPR,Tapestry Inc. Common Stock,$37.76,0.40,1.071%,10509379021.00,United States,,311474,Consumer Non-Durables,Apparel
TR,Tootsie Roll Industries Inc. Common Stock,$31.51,0.29,0.929%,2124570730.00,United States,,6737,Consumer Non-Durables,Specialty Foods
TSN,Tyson Foods Inc. Common Stock,$79.33,0.76,0.967%,28941652926.00,United States,,234082,Consumer Non-Durables,Meat/Poultry/Fish
TTCF,Tattooed Chef Inc Class A Common Stock,$18.23,0.24,1.334%,467606993.00,United States,2018,148035,Consumer Non-Durables,Farming/Seeds/Milling
TUP,Tupperware Brands Corporation Common Stock,$24.025,0.515,2.191%,1198645930.00,United States,,81141,Consumer Non-Durables,Plastic Products
TWNK,Hostess Brands Inc. Class A Common Stock,$18.7899,0.2499,1.348%,2444434780.00,United States,2015,253933,Consumer Non-Durables,Specialty Foods
TWNKW,Hostess Brands Inc. Warrants,$3.70,0.13,3.641%,0.00,United States,2015,17849,Consumer Non-Durables,Specialty Foods
UA,Under Armour Inc. Class C Common Stock,$17.73,-0.02,-0.113%,8302572823.00,United States,2016,245941,Consumer Non-Durables,Apparel
UAA,Under Armour Inc. Class A Common Stock,$20.41,-0.03,-0.147%,9557558450.00,United States,,611931,Consumer Non-Durables,Apparel
UEIC,Universal Electronics Inc. Common Stock,$48.94,0.58,1.199%,659885133.00,United States,1993,5818,Consumer Non-Durables,Consumer Electronics/Appliances
UG,United-Guardian Inc. Common Stock,$14.4489,-0.0411,-0.284%,66382856.00,United States,,371,Consumer Non-Durables,Package Goods/Cosmetics
UL,Unilever PLC Common Stock,$52.8165,0.1765,0.335%,136286893578.00,United Kingdom,,324461,Consumer Non-Durables,Package Goods/Cosmetics
UNFI,United Natural Foods Inc. Common Stock,$47.445,0.065,0.137%,2678046926.00,United States,2019,88523,Consumer Non-Durables,Food Distributors
USFD,US Foods Holding Corp. Common Stock,$37.80,-0.37,-0.969%,8410896371.00,United States,2016,140703,Consumer Non-Durables,Food Distributors
UTZ,Utz Brands Inc Class A Common Stock ,$15.29,-0.28,-1.798%,2093497228.00,United States,2018,173241,Consumer Non-Durables,Specialty Foods
UVV,Universal Corporation Common Stock,$49.70,0.44,0.893%,1221520636.00,United States,,28580,Consumer Non-Durables,Tobacco
VFC,V.F. Corporation Common Stock,$70.36,2.36,3.471%,27626053796.00,United States,,805010,Consumer Non-Durables,Apparel
VGR,Vector Group Ltd. Common Stock,$14.0213,0.1713,1.237%,2158711314.00,United States,,81348,Consumer Non-Durables,Farming/Seeds/Milling
VOXX,VOXX International Corporation Class A Common Stock,$11.16,0.11,0.995%,267712586.00,United States,,25894,Consumer Non-Durables,Consumer Electronics/Appliances
VRA,Vera Bradley Inc. Common Stock,$9.6999,0.1099,1.146%,330003499.00,United States,2010,26308,Consumer Non-Durables,Apparel
VSTO,Vista Outdoor Inc. Common Stock,$41.11,-0.07,-0.17%,2358723290.00,United States,2015,42215,Consumer Non-Durables,Recreational Products/Toys
VWE,Vintage Wine Estates Inc. Common Stock,$10.0684,-0.1416,-1.387%,608751684.00,United States,,43293,Consumer Non-Durables,Beverages (Production/Distribution)
VZIO,VIZIO Holding Corp. Class A Common Stock,$20.49,-0.32,-1.538%,3786334499.00,,2021,103217,Consumer Non-Durables,Consumer Electronics/Appliances
WCC,WESCO International Inc. Common Stock,$118.79,2.08,1.782%,5983962028.00,United States,1999,9810,Consumer Non-Durables,Telecommunications Equipment
WEYS,Weyco Group Inc. Common Stock,$22.465,-0.185,-0.817%,218217349.00,United States,,6654,Consumer Non-Durables,Shoe Manufacturing
WGO,Winnebago Industries Inc. Common Stock,$77.3085,0.6385,0.833%,2597525941.00,United States,,76571,Consumer Non-Durables,Homebuilding
WILC,G. Willi-Food International  Ltd. Ordinary Shares,$20.40,0.00,0.00%,269627147.00,Israel,,102,Consumer Non-Durables,Food Distributors
WTER,The Alkaline Water Company Inc. Common Stock,$1.638,-0.062,-3.647%,170777371.00,United States,,536324,Consumer Non-Durables,Beverages (Production/Distribution)
WVVI,Willamette Valley Vineyards Inc. Common Stock,$13.92,1.12,8.75%,69106244.00,United States,,34249,Consumer Non-Durables,Beverages (Production/Distribution)
WVVIP,Willamette Valley Vineyards Inc. Series A Redeemable Preferred Stock,$6.75,0.00,0.00%,0.00,United States,,8,Consumer Non-Durables,Beverages (Production/Distribution)
WWW,Wolverine World Wide Inc. Common Stock,$30.06,0.26,0.872%,2471366457.00,United States,,25450,Consumer Non-Durables,Shoe Manufacturing
YSG,Yatsen Holding Limited American Depositary Shares each representing four Class A ordinary shares,$3.77,0.01,0.266%,2381182684.00,China,2020,1212056,Consumer Non-Durables,Package Goods/Cosmetics
ZVIA,Zevia PBC Class A Common Stock,$12.62,-0.17,-1.329%,814363577.00,,2021,26153,Consumer Non-Durables,Specialty Foods
